Age;Height
0.0;44.0
0.01;45.0
0.1;50.0
0.36;61.5
0.68;68.0
1.01;72.5
1.964383562;82.0
1.980821918;85.5
2.769863014;94.0
3.07;98.0
